lambda_reg,Accuracy,Unfairness
0.0,0.9222999811172485,0.1508082151412964
0.1,0.9076999926567078,0.013085569255053997
0.2,0.9128999710083008,0.1441858410835266
0.3,0.8953999876976013,0.002308556321414214
0.4,0.8222999572753906,0.001308556321414214
0.6,0.5223999619483948,0.001308556321414214
0.8,0.44769999384880066,0.0
1.1,0.4397999942302704,0.0
1.8,0.4302999973297119,0.0
