lambda,seed,max_epochs,num_samples,input_dim,Accuracy,Unfairness,accuracy_lb,fairness_metric_lb,fairness_metric_ub
0.0,2.0,3,190000,512,0.7086708670867087,0.19846415266376582,,,
0.0,3.0,3,190000,512,0.7572757275727573,0.08333126002076163,,,
0.0,4.0,3,190000,512,0.6993699369936993,0.07333126002076163,,,
0.2,2.0,3,190000,512,0.690969096909691,0.06733126002076163,,,
0.2,3.0,3,190000,512,0.7392739273927392,0.14688766455765756,,,
0.4,4.0,3,190000,512,0.7158715871587159,0.1970199035621307,,,
0.6,2.0,3,190000,512,0.5382538253825383,0.008733126002076163,,,